epoch,time,train/box_loss,train/pose_loss,train/kobj_loss,train/cls_loss,train/dfl_loss,metrics/precision(B),metrics/recall(B),metrics/mAP50(B),metrics/mAP50-95(B),metrics/precision(P),metrics/recall(P),metrics/mAP50(P),metrics/mAP50-95(P),val/box_loss,val/pose_loss,val/kobj_loss,val/cls_loss,val/dfl_loss,lr/pg0,lr/pg1,lr/pg2
1,3.7477,2.02951,2.86941,0.62608,5.35322,1.98157,0.26369,0.33333,0.35975,0.2231,0.26369,0.33333,0.38234,0.15023,2.13498,3.20739,0.49697,3.05175,1.83314,0.09602,2e-05,2e-05
2,5.4255,1.3717,2.87833,0.53802,1.74406,1.33625,0.27272,0.33333,0.42416,0.33825,0.27272,0.33333,0.42416,0.1483,1.52423,3.29105,0.40575,2.31705,1.41769,0.0910448,4.47752e-05,4.47752e-05
3,7.10626,1.31552,2.53122,0.52444,1.11917,1.21619,0.9728,0.5,0.56533,0.37335,0.9728,0.5,0.54688,0.19582,1.71823,3.17468,0.35572,2.3814,1.30858,0.0860693,6.93007e-05,6.93007e-05
4,8.72064,1.18652,2.80907,0.45946,1.04934,1.11932,0.89429,0.70715,0.71992,0.50495,0.89429,0.70715,0.71992,0.21275,1.53328,3.35798,0.34144,1.77319,1.34423,0.0810936,9.35764e-05,9.35764e-05
5,10.4065,1.2487,2.99922,0.46803,1.09377,1.13284,0.6833,0.54158,0.66616,0.4392,0.73897,0.58333,0.65448,0.23658,1.5678,3.11022,0.29738,1.67732,1.34096,0.0761176,0.000117602,0.000117602
6,11.917,1.14894,2.86573,0.46443,0.97149,1.10919,0.62522,0.66667,0.72455,0.45253,0.93127,0.5,0.65513,0.1987,1.56007,3.2839,0.29703,1.53728,1.24829,0.0711414,0.000141379,0.000141379
7,13.4501,1.21474,2.5689,0.41187,0.88245,1.07114,1,0.79709,0.83869,0.60213,0.89517,0.71375,0.74229,0.28038,1.16411,3.21931,0.28084,1.14426,1.07732,0.0661649,0.000164905,0.000164905
8,15.4448,1.18274,2.68755,0.4611,1.15723,1.14782,0.9662,0.66667,0.82229,0.51228,0.9662,0.66667,0.82229,0.26606,1.39219,3.13412,0.26288,1.63091,1.20702,0.0611882,0.000188182,0.000188182
9,18.2387,1.14003,2.6273,0.41564,1.18976,1.14325,0.99637,0.75,0.81556,0.5516,0.88222,0.66667,0.70541,0.25907,1.18038,3.02227,0.22284,1.23032,1.00877,0.0562112,0.000211209,0.000211209
10,22.0724,1.21065,2.47634,0.45545,1.07187,1.07637,0.99116,0.91667,0.9278,0.69766,0.94962,0.83333,0.84744,0.29639,0.8768,3.08825,0.21802,0.92148,0.89744,0.051234,0.000233986,0.000233986
11,23.9034,1.29762,2.3666,0.47443,1.02343,1.27571,1,0.73994,0.8319,0.43315,0.88151,0.75,0.74267,0.20949,1.57232,3.14181,0.22823,1.62764,1.18277,0.0462565,0.000256513,0.000256513
12,25.4426,1.18723,2.87161,0.51193,1.31668,1.16601,0.98235,1,0.995,0.5705,0.92734,0.75,0.82832,0.22473,1.40152,3.05224,0.20254,1.31963,1.03612,0.0412788,0.000278791,0.000278791
13,26.8946,1.102,2.29545,0.4357,1.03237,1.09498,1,0.99368,0.995,0.70701,0.91612,0.91068,0.90949,0.32008,1.0624,2.98946,0.1865,0.75517,0.95999,0.0363008,0.000300819,0.000300819
14,28.2782,1.07289,2.82102,0.44176,1.18286,1.03119,1,0.99368,0.995,0.70701,0.91612,0.91068,0.90949,0.32008,1.0624,2.98946,0.1865,0.75517,0.95999,0.0313226,0.000322597,0.000322597
15,29.7983,1.11684,2.07945,0.50461,1.26562,1.14473,0.94822,1,0.995,0.66177,0.78924,0.83333,0.81299,0.2496,0.99737,3.27223,0.20141,1.09042,0.92904,0.0263441,0.000344126,0.000344126
16,31.2503,1.05376,2.48656,0.36429,1.31372,1.03602,0.99395,1,0.995,0.49573,0.66052,0.66667,0.54471,0.18396,1.4389,3.28753,0.17241,0.78454,1.09844,0.0213654,0.000365405,0.000365405
17,32.8257,1.17759,2.04101,0.49067,1.39491,1.14976,0.94025,0.91667,0.98885,0.65358,0.85348,0.83333,0.88315,0.39284,1.09443,2.80928,0.18448,0.82074,0.97943,0.0163864,0.000386434,0.000386434
18,34.2856,1.24807,2.46399,0.45291,1.11042,1.08044,0.94025,0.91667,0.98885,0.65358,0.85348,0.83333,0.88315,0.39284,1.09443,2.80928,0.18448,0.82074,0.97943,0.0114072,0.000407213,0.000407213
19,35.7623,1.24093,2.15916,0.47641,0.96312,1.08869,0.99247,1,0.995,0.60791,0.98455,0.83333,0.85014,0.3858,1.11543,2.80655,0.18647,0.80881,1.00673,0.00642774,0.000427742,0.000427742
20,37.2756,1.37245,2.38827,0.35898,1.03084,1.18772,0.79225,1,0.89008,0.43796,0.65532,0.75,0.5443,0.11567,1.57114,3.85351,0.1974,1.19451,1.20593,0.00144802,0.000448022,0.000448022
21,38.7868,1.43606,2.19531,0.44116,1.08729,1.18069,0.79225,1,0.89008,0.43796,0.65532,0.75,0.5443,0.11567,1.57114,3.85351,0.1974,1.19451,1.20593,0.00045005,0.00045005,0.00045005
22,40.3038,1.33289,2.36674,0.40151,0.9557,1.16319,0.89231,1,0.98269,0.685,0.8157,0.73864,0.76066,0.29787,1.2282,3.20374,0.18568,0.77198,1.07575,0.000447553,0.000447553,0.000447553
23,41.8814,1.25575,2.63636,0.46546,0.94682,1.15656,0.98436,1,0.995,0.62176,0.82002,0.83333,0.77553,0.25453,1.3111,3.05884,0.16936,0.79813,1.11707,0.000445055,0.000445055,0.000445055
24,43.4125,1.55364,2.77562,0.56842,1.23048,1.34182,0.98436,1,0.995,0.62176,0.82002,0.83333,0.77553,0.25453,1.3111,3.05884,0.16936,0.79813,1.11707,0.000442558,0.000442558,0.000442558
25,45.0976,1.21251,2.71555,0.41273,0.97998,1.1169,0.98782,1,0.995,0.73197,0.98094,0.83333,0.83715,0.30145,1.07325,3.01878,0.19198,0.68051,0.97407,0.00044006,0.00044006,0.00044006
26,46.601,1.07284,2.25969,0.44578,1.00644,1.08893,0.98782,1,0.995,0.73197,0.98094,0.83333,0.83715,0.30145,1.07325,3.01878,0.19198,0.68051,0.97407,0.000437563,0.000437563,0.000437563
27,48.2578,1.12664,2.49739,0.4111,0.98977,1.10768,0.91076,1,0.98269,0.56591,1,0.81965,0.84256,0.27998,1.28745,3.07724,0.15667,0.86469,1.06957,0.000435065,0.000435065,0.000435065
28,49.8146,1.06376,2.29616,0.36848,0.86727,1.05965,0.91727,1,0.98885,0.55355,0.76057,0.83333,0.71078,0.19995,1.56625,3.18084,0.18924,1.01016,1.17225,0.000432568,0.000432568,0.000432568
29,51.543,1.27153,2.31596,0.46398,1.1372,1.13923,0.91727,1,0.98885,0.55355,0.76057,0.83333,0.71078,0.19995,1.56625,3.18084,0.18924,1.01016,1.17225,0.00043007,0.00043007,0.00043007
30,53.1943,1.23366,2.17538,0.46395,1.12536,1.13762,0.9725,1,0.995,0.69323,0.84322,0.75,0.78039,0.27614,1.01713,3.03399,0.16782,0.77949,0.93809,0.000427572,0.000427572,0.000427572
31,54.6543,1.30332,2.42593,0.33039,0.99143,1.18829,0.9727,1,0.995,0.53654,0.90794,0.82278,0.76397,0.20149,1.63653,3.16189,0.14795,0.87682,1.1173,0.000425075,0.000425075,0.000425075
32,56.0843,1.29222,1.75085,0.48665,0.91868,1.09843,0.9727,1,0.995,0.53654,0.90794,0.82278,0.76397,0.20149,1.63653,3.16189,0.14795,0.87682,1.1173,0.000422577,0.000422577,0.000422577
33,57.7064,1.25238,2.19136,0.41584,0.84979,1.14308,0.89737,1,0.97577,0.72214,0.58682,0.82875,0.66814,0.29133,1.02788,2.99263,0.15045,0.7275,0.98104,0.00042008,0.00042008,0.00042008
34,59.2237,1.26951,2.75966,0.38053,0.89024,1.1351,0.89737,1,0.97577,0.72214,0.58682,0.82875,0.66814,0.29133,1.02788,2.99263,0.15045,0.7275,0.98104,0.000417582,0.000417582,0.000417582
35,60.7207,1.22215,2.08678,0.41796,0.8747,1.06011,0.90649,0.80946,0.9402,0.54721,0.82201,0.75,0.71303,0.2542,1.63031,3.20869,0.16506,0.81528,1.09346,0.000415085,0.000415085,0.000415085
36,62.2397,1.23554,1.86906,0.49647,0.87203,1.04654,0.99139,1,0.995,0.76959,0.77592,0.66667,0.6405,0.24213,0.8418,3.0497,0.14794,0.68214,0.91928,0.000412588,0.000412588,0.000412588
37,63.9498,1.05068,2.29478,0.43433,0.7693,1.0114,0.99139,1,0.995,0.76959,0.77592,0.66667,0.6405,0.24213,0.8418,3.0497,0.14794,0.68214,0.91928,0.00041009,0.00041009,0.00041009
38,65.7473,1.04148,2.07653,0.37919,0.8959,1.04858,0.99178,1,0.995,0.58044,0.92236,0.75,0.79016,0.29586,1.48801,3.01159,0.17836,0.86164,1.07284,0.000407592,0.000407592,0.000407592
39,67.4579,1.29919,2.393,0.53104,0.87364,1.0732,0.98985,1,0.995,0.84294,0.97025,0.75,0.75787,0.30759,0.72579,2.978,0.17786,0.6693,0.86712,0.000405095,0.000405095,0.000405095
40,69.2303,1.01399,2.242,0.40055,0.6915,0.98995,0.98985,1,0.995,0.84294,0.97025,0.75,0.75787,0.30759,0.72579,2.978,0.17786,0.6693,0.86712,0.000402597,0.000402597,0.000402597
41,70.8142,1.20231,2.25264,0.41246,0.83414,1.12097,0.98833,0.83333,0.97233,0.58241,0.8846,0.75,0.81179,0.27659,1.31785,2.96854,0.19638,0.84296,1.04069,0.0004001,0.0004001,0.0004001
42,72.7003,1.21701,2.48908,0.47071,0.86241,1.123,0.98833,0.83333,0.97233,0.58241,0.8846,0.75,0.81179,0.27659,1.31785,2.96854,0.19638,0.84296,1.04069,0.000397603,0.000397603,0.000397603
43,75.0608,1.14054,1.97598,0.52775,0.95497,1.07551,0.99002,1,0.995,0.77831,1,0.79995,0.86827,0.37082,0.90223,2.61576,0.15164,0.6807,0.88766,0.000395105,0.000395105,0.000395105
44,76.9251,1.0448,1.9865,0.41663,0.77068,1.04849,0.99294,1,0.995,0.54949,0.94044,0.83333,0.83818,0.39117,1.52943,2.67496,0.14273,0.87922,1.12264,0.000392608,0.000392608,0.000392608
45,78.7238,1.2608,2.27184,0.4297,0.83877,1.11258,0.99294,1,0.995,0.54949,0.94044,0.83333,0.83818,0.39117,1.52943,2.67496,0.14273,0.87922,1.12264,0.00039011,0.00039011,0.00039011
46,80.3113,1.00176,1.73592,0.39361,0.7545,1.02658,0.99307,1,0.995,0.69794,0.66205,0.66667,0.57899,0.18748,1.03899,3.26486,0.14715,0.63252,0.91484,0.000387613,0.000387613,0.000387613
47,81.9106,1.01573,1.77035,0.46701,0.78673,1.08235,0.99292,1,0.995,0.67785,0.74458,0.75,0.63394,0.2768,1.22186,3.05697,0.12573,0.65515,1.03161,0.000385115,0.000385115,0.000385115
48,83.8391,1.08981,1.80045,0.45637,0.90121,1.09573,0.99292,1,0.995,0.67785,0.74458,0.75,0.63394,0.2768,1.22186,3.05697,0.12573,0.65515,1.03161,0.000382617,0.000382617,0.000382617
49,85.4994,0.99856,2.25366,0.41526,0.70627,1.05671,0.98953,0.75,0.89246,0.56607,0.3297,0.25,0.14433,0.04558,1.3359,4.00975,0.29254,1.15194,1.06632,0.00038012,0.00038012,0.00038012
50,87.2521,0.94898,2.51639,0.49067,0.76236,1.05095,0.98953,0.75,0.89246,0.56607,0.3297,0.25,0.14433,0.04558,1.3359,4.00975,0.29254,1.15194,1.06632,0.000377623,0.000377623,0.000377623
51,89.219,1.06985,1.94289,0.52304,0.75813,1.07742,0.99277,0.91667,0.979,0.66413,0.90083,0.83333,0.8295,0.316,1.19326,2.92971,0.17131,0.73374,1.04972,0.000375125,0.000375125,0.000375125
52,90.9602,1.13974,1.85641,0.49111,0.93753,1.11622,1,0.97688,0.995,0.59535,0.88596,0.83333,0.81389,0.34678,1.39858,2.78439,0.1516,0.79739,1.04303,0.000372628,0.000372628,0.000372628
53,93.4383,1.17679,2.11569,0.4632,0.83191,1.08584,1,0.97688,0.995,0.59535,0.88596,0.83333,0.81389,0.34678,1.39858,2.78439,0.1516,0.79739,1.04303,0.00037013,0.00037013,0.00037013
54,95.8417,0.97069,2.22439,0.33163,0.64353,0.95957,0.98726,1,0.995,0.74009,0.78124,0.66667,0.69549,0.27098,0.9305,3.48747,0.12537,0.59847,0.90444,0.000367632,0.000367632,0.000367632
55,97.5199,1.23053,2.24061,0.42054,0.78483,1.11461,0.99335,1,0.995,0.64732,0.74848,0.75,0.72895,0.40697,1.23233,3.24876,0.11826,0.58086,1.01241,0.000365135,0.000365135,0.000365135
56,99.2434,1.07749,1.70424,0.42369,0.70665,1.04198,0.99335,1,0.995,0.64732,0.74848,0.75,0.72895,0.40697,1.23233,3.24876,0.11826,0.58086,1.01241,0.000362638,0.000362638,0.000362638
57,100.836,1.05536,1.95466,0.52207,0.71214,1.03606,0.99353,1,0.995,0.70681,0.74423,0.58333,0.56406,0.22679,1.03828,3.45995,0.18238,0.58991,0.91385,0.00036014,0.00036014,0.00036014
58,102.402,1.10271,1.8262,0.46644,0.75791,1.07417,0.99353,1,0.995,0.70681,0.74423,0.58333,0.56406,0.22679,1.03828,3.45995,0.18238,0.58991,0.91385,0.000357643,0.000357643,0.000357643
59,103.993,1.09939,1.56187,0.4891,0.81364,1.042,0.99348,1,0.995,0.68517,0.92584,0.91667,0.91734,0.57578,1.27163,2.14034,0.17883,0.63345,0.99064,0.000355145,0.000355145,0.000355145
60,105.573,1.19098,1.80429,0.52799,0.8748,1.10331,0.99252,1,0.995,0.70771,0.67912,0.58333,0.61376,0.34331,1.0445,3.1619,0.16375,0.59436,0.93677,0.000352648,0.000352648,0.000352648
61,107.192,0.96044,1.59686,0.42612,0.64263,0.98715,0.99252,1,0.995,0.70771,0.67912,0.58333,0.61376,0.34331,1.0445,3.1619,0.16375,0.59436,0.93677,0.00035015,0.00035015,0.00035015
62,108.926,1.10199,1.57008,0.50005,0.73904,1.11159,0.99321,1,0.995,0.69333,0.82755,0.83333,0.72227,0.46413,1.05015,2.27918,0.17125,0.65692,0.92678,0.000347653,0.000347653,0.000347653
63,110.56,1.2201,1.38812,0.38687,0.70986,1.15596,0.985,1,0.995,0.69151,1,0.82383,0.83731,0.27074,1.13975,2.90602,0.22985,0.6915,0.95418,0.000345155,0.000345155,0.000345155
64,112.235,0.96552,1.66877,0.46882,0.62586,0.99622,0.985,1,0.995,0.69151,1,0.82383,0.83731,0.27074,1.13975,2.90602,0.22985,0.6915,0.95418,0.000342658,0.000342658,0.000342658
65,113.858,1.07996,1.62734,0.51012,0.67503,1.08137,0.98301,1,0.995,0.60494,0.81917,0.83333,0.78158,0.46999,1.27706,2.32327,0.18314,0.66294,0.96948,0.00034016,0.00034016,0.00034016
66,115.527,1.01876,1.34609,0.46657,0.74651,1.09917,0.98301,1,0.995,0.60494,0.81917,0.83333,0.78158,0.46999,1.27706,2.32327,0.18314,0.66294,0.96948,0.000337663,0.000337663,0.000337663
67,117.172,1.08466,0.91517,0.53572,0.75616,1.05494,0.99911,0.91667,0.98357,0.63825,0.65967,0.66667,0.53776,0.2916,1.05449,2.49565,0.23932,1.23133,0.9163,0.000335165,0.000335165,0.000335165
68,118.801,0.91951,1.34933,0.44284,0.67393,0.99724,0.85479,0.98219,0.9769,0.6446,0.97422,0.91667,0.92096,0.58506,1.24897,1.88243,0.29042,0.74232,0.98272,0.000332667,0.000332667,0.000332667
69,120.376,1.07877,1.17497,0.51611,0.82355,1.07816,0.85479,0.98219,0.9769,0.6446,0.97422,0.91667,0.92096,0.58506,1.24897,1.88243,0.29042,0.74232,0.98272,0.00033017,0.00033017,0.00033017
70,121.931,0.98886,1.03423,0.46762,0.67226,1.05035,1,0.99271,0.995,0.67584,0.91616,0.91108,0.92064,0.60181,1.02941,1.66999,0.27144,0.58648,0.92497,0.000327673,0.000327673,0.000327673
71,123.98,0.95415,0.9164,0.50551,0.71205,1.01886,0.99808,1,0.995,0.62729,0.91372,0.91667,0.89996,0.51781,1.21469,1.79924,0.25374,0.64322,0.9691,0.000325175,0.000325175,0.000325175
72,125.699,1.08051,0.92098,0.44078,0.73289,1.09245,0.99808,1,0.995,0.62729,0.91372,0.91667,0.89996,0.51781,1.21469,1.79924,0.25374,0.64322,0.9691,0.000322678,0.000322678,0.000322678
73,127.468,1.03386,1.07549,0.50882,0.7453,1.01783,0.99173,1,0.995,0.7213,0.90762,0.91667,0.88742,0.59495,1.16122,1.73114,0.23225,0.62138,0.95265,0.00032018,0.00032018,0.00032018
74,129.109,1.06876,1.13732,0.51918,0.72658,1.09827,0.99173,1,0.995,0.7213,0.90762,0.91667,0.88742,0.59495,1.16122,1.73114,0.23225,0.62138,0.95265,0.000317682,0.000317682,0.000317682
75,130.701,1.12982,1.44061,0.48343,0.87824,1.10163,0.98866,1,0.995,0.67784,0.78294,0.90266,0.77575,0.49173,1.07152,1.591,0.23687,0.63855,0.91405,0.000315185,0.000315185,0.000315185
76,132.431,0.91255,0.88224,0.48309,0.70459,1.03435,1,0.9899,0.995,0.62125,0.83283,0.83055,0.74925,0.51891,1.49267,2.08327,0.21817,0.77287,1.09717,0.000312688,0.000312688,0.000312688
77,134.212,0.99782,1.19409,0.40951,0.62253,0.99803,1,0.9899,0.995,0.62125,0.83283,0.83055,0.74925,0.51891,1.49267,2.08327,0.21817,0.77287,1.09717,0.00031019,0.00031019,0.00031019
78,136.687,0.87843,0.80336,0.43759,0.65942,1.02878,0.99436,1,0.995,0.70024,0.91124,0.91667,0.90875,0.67713,1.09381,1.52669,0.22476,0.64282,0.92258,0.000307692,0.000307692,0.000307692
79,138.528,0.90523,0.78855,0.44519,0.67759,1.03255,0.99476,1,0.995,0.69427,0.91175,0.91667,0.89912,0.63744,1.17164,1.61343,0.21906,0.59432,0.95222,0.000305195,0.000305195,0.000305195
80,140.329,0.99619,0.91385,0.48412,0.67904,1.04259,0.99476,1,0.995,0.69427,0.91175,0.91667,0.89912,0.63744,1.17164,1.61343,0.21906,0.59432,0.95222,0.000302697,0.000302697,0.000302697
81,142.017,0.9118,0.82967,0.40229,0.63267,0.97931,0.99604,1,0.995,0.62094,0.91271,0.91667,0.90171,0.54603,1.20852,1.64304,0.2254,0.6273,0.96298,0.0003002,0.0003002,0.0003002
82,143.787,1.05544,0.94985,0.39324,0.70274,1.05071,0.99604,1,0.995,0.62094,0.91271,0.91667,0.90171,0.54603,1.20852,1.64304,0.2254,0.6273,0.96298,0.000297703,0.000297703,0.000297703
83,145.898,1.0048,0.73276,0.45961,0.6759,1.01714,0.99572,1,0.995,0.70265,0.91144,0.91667,0.88634,0.66309,1.13593,1.42016,0.2106,0.57715,0.97295,0.000295205,0.000295205,0.000295205
84,147.829,1.00039,0.60935,0.58358,0.68967,1.06693,0.99538,1,0.995,0.64283,0.91195,0.91667,0.91475,0.57712,1.27552,1.77481,0.19524,0.60864,0.98158,0.000292708,0.000292708,0.000292708
85,149.503,0.9661,1.01661,0.36458,0.61872,0.98491,0.99538,1,0.995,0.64283,0.91195,0.91667,0.91475,0.57712,1.27552,1.77481,0.19524,0.60864,0.98158,0.00029021,0.00029021,0.00029021
86,151.413,1.1104,0.80046,0.38515,0.68239,1.06045,0.99369,1,0.995,0.76404,0.82783,0.83333,0.7955,0.68202,0.89212,1.52575,0.19426,0.5895,0.89074,0.000287712,0.000287712,0.000287712
87,153.103,0.95848,0.62394,0.46343,0.61551,0.98994,0.99852,1,0.995,0.64467,0.99748,0.91667,0.9191,0.69674,1.331,1.53007,0.21331,0.6843,0.99294,0.000285215,0.000285215,0.000285215
88,154.947,0.95911,0.62034,0.47397,0.64282,1.02866,0.99852,1,0.995,0.64467,0.99748,0.91667,0.9191,0.69674,1.331,1.53007,0.21331,0.6843,0.99294,0.000282717,0.000282717,0.000282717
89,156.897,0.89862,0.75834,0.44511,0.63562,1.01717,0.99568,1,0.995,0.72945,0.90849,0.91667,0.90568,0.70052,1.10299,1.32759,0.21451,0.59104,0.91624,0.00028022,0.00028022,0.00028022
90,158.621,0.93386,0.75685,0.47064,0.66569,1.01437,0.99568,1,0.995,0.72945,0.90849,0.91667,0.90568,0.70052,1.10299,1.32759,0.21451,0.59104,0.91624,0.000277723,0.000277723,0.000277723
91,160.275,0.97763,0.71446,0.44071,0.65775,1.06816,0.99292,1,0.995,0.59098,0.82639,0.83333,0.80809,0.61164,1.35225,1.5906,0.19631,0.60265,1.02275,0.000275225,0.000275225,0.000275225
92,162.045,0.89583,0.68242,0.38165,0.61369,0.96839,0.99475,1,0.995,0.66156,0.9145,0.91667,0.92179,0.65861,1.18654,1.57152,0.20816,0.58575,0.94204,0.000272727,0.000272727,0.000272727
93,163.907,0.91368,0.65911,0.42519,0.60444,0.99023,0.99475,1,0.995,0.66156,0.9145,0.91667,0.92179,0.65861,1.18654,1.57152,0.20816,0.58575,0.94204,0.00027023,0.00027023,0.00027023
94,165.629,0.80044,0.70352,0.34195,0.53852,0.9187,0.99425,1,0.995,0.62924,0.91129,0.91667,0.8922,0.75346,1.31169,1.20704,0.20911,0.62492,0.97598,0.000267732,0.000267732,0.000267732
95,167.58,0.9615,0.75672,0.43442,0.59744,1.01619,0.99386,1,0.995,0.76501,0.91104,0.91667,0.90573,0.76444,0.93329,1.29456,0.1898,0.55925,0.8964,0.000265235,0.000265235,0.000265235
96,169.868,0.9079,0.45867,0.45827,0.62235,1.0297,0.99386,1,0.995,0.76501,0.91104,0.91667,0.90573,0.76444,0.93329,1.29456,0.1898,0.55925,0.8964,0.000262738,0.000262738,0.000262738
97,171.673,0.94304,0.46636,0.44646,0.62332,0.96976,0.9953,1,0.995,0.5955,0.91213,0.91667,0.91053,0.76969,1.31516,1.22384,0.20377,0.63313,0.99373,0.00026024,0.00026024,0.00026024
98,173.71,0.95314,0.53221,0.46904,0.62876,1.02721,0.9953,1,0.995,0.5955,0.91213,0.91667,0.91053,0.76969,1.31516,1.22384,0.20377,0.63313,0.99373,0.000257742,0.000257742,0.000257742
99,175.52,0.88436,0.63023,0.50992,0.65146,1.01132,0.99553,1,0.995,0.76579,0.91217,0.91667,0.87346,0.74027,0.99895,1.22608,0.19443,0.51807,0.87693,0.000255245,0.000255245,0.000255245
100,177.33,0.97501,0.44681,0.42688,0.60351,0.9836,0.9945,1,0.995,0.75901,0.91163,0.91667,0.85315,0.76,1.02025,1.18996,0.18882,0.54456,0.88427,0.000252748,0.000252748,0.000252748
101,179.092,0.96501,0.73151,0.40307,0.61277,1.00757,0.9945,1,0.995,0.75901,0.91163,0.91667,0.85315,0.76,1.02025,1.18996,0.18882,0.54456,0.88427,0.00025025,0.00025025,0.00025025
102,180.82,1.00392,0.60712,0.42615,0.59246,1.02183,0.98189,1,0.995,0.70001,0.89969,0.91667,0.84865,0.70419,1.17901,1.36718,0.17828,0.58309,0.9226,0.000247753,0.000247753,0.000247753
103,182.488,0.8893,0.73253,0.42522,0.56128,0.98737,0.99489,1,0.995,0.7316,0.91175,0.91667,0.85243,0.73244,1.04756,1.21594,0.18737,0.53702,0.89564,0.000245255,0.000245255,0.000245255
104,184.427,0.93194,0.50131,0.48895,0.59425,1.00294,0.99489,1,0.995,0.7316,0.91175,0.91667,0.85243,0.73244,1.04756,1.21594,0.18737,0.53702,0.89564,0.000242758,0.000242758,0.000242758
105,186.244,0.96271,0.40119,0.44651,0.60879,1.01767,0.99527,1,0.995,0.63256,0.91223,0.91667,0.90297,0.74931,1.35214,1.22947,0.19391,0.55042,0.99055,0.00024026,0.00024026,0.00024026
106,187.994,0.92115,0.42057,0.50323,0.55401,1.01061,0.99527,1,0.995,0.63256,0.91223,0.91667,0.90297,0.74931,1.35214,1.22947,0.19391,0.55042,0.99055,0.000237762,0.000237762,0.000237762
107,189.778,0.88926,0.44931,0.38809,0.68845,1.0133,0.9952,1,0.995,0.67597,0.91217,0.91667,0.90753,0.78879,1.18972,1.16245,0.19906,0.57537,0.94436,0.000235265,0.000235265,0.000235265
108,191.422,0.97016,0.37992,0.45375,0.57556,1.02811,0.9949,1,0.995,0.67403,0.91189,0.91667,0.90782,0.77622,1.19073,1.13717,0.18138,0.58319,0.94315,0.000232767,0.000232767,0.000232767
109,193.129,1.0133,0.44436,0.435,0.61915,1.01294,0.9949,1,0.995,0.67403,0.91189,0.91667,0.90782,0.77622,1.19073,1.13717,0.18138,0.58319,0.94315,0.00023027,0.00023027,0.00023027
110,195.255,0.84647,0.44203,0.35391,0.51715,0.93602,0.99523,1,0.995,0.73264,0.9122,0.91667,0.88932,0.75745,1.04597,1.19557,0.18852,0.52598,0.90586,0.000227772,0.000227772,0.000227772
111,197.032,0.84633,0.42405,0.41078,0.509,0.93293,0.99506,1,0.995,0.64759,0.91214,0.91667,0.90386,0.77136,1.167,1.08143,0.19103,0.51082,0.94324,0.000225275,0.000225275,0.000225275
112,198.952,0.97198,0.45269,0.51221,0.63851,1.05648,0.99506,1,0.995,0.64759,0.91214,0.91667,0.90386,0.77136,1.167,1.08143,0.19103,0.51082,0.94324,0.000222777,0.000222777,0.000222777
113,200.806,0.87369,0.43094,0.43935,0.59414,0.96946,0.99588,1,0.995,0.63641,0.91271,0.91667,0.86222,0.75138,1.22488,1.12423,0.17845,0.53317,0.96745,0.00022028,0.00022028,0.00022028
114,202.392,0.8193,0.45846,0.65587,0.58578,1.01508,0.99588,1,0.995,0.63641,0.91271,0.91667,0.86222,0.75138,1.22488,1.12423,0.17845,0.53317,0.96745,0.000217783,0.000217783,0.000217783
115,204.047,0.90327,0.44101,0.53527,0.58415,1.043,0.99543,1,0.995,0.73796,0.91238,0.91667,0.88521,0.77701,0.98162,1.07648,0.1783,0.49192,0.90136,0.000215285,0.000215285,0.000215285
116,205.673,0.97551,0.33249,0.49752,0.60083,1.04448,0.99521,1,0.995,0.62434,0.91228,0.91667,0.91722,0.79924,1.3342,1.10967,0.18253,0.5598,1.02473,0.000212788,0.000212788,0.000212788
117,207.272,0.94988,0.38763,0.39682,0.59407,0.98293,0.99521,1,0.995,0.62434,0.91228,0.91667,0.91722,0.79924,1.3342,1.10967,0.18253,0.5598,1.02473,0.00021029,0.00021029,0.00021029
118,208.94,0.81982,0.21826,0.41405,0.64098,0.9902,0.99512,1,0.995,0.68972,0.91209,0.91667,0.91368,0.76225,1.02263,1.11442,0.18097,0.4615,0.906,0.000207793,0.000207793,0.000207793
119,210.65,0.94099,0.48274,0.56422,0.63652,1.04952,0.99484,1,0.995,0.63342,0.91183,0.91667,0.91334,0.79043,1.2606,1.12115,0.18604,0.53813,0.9898,0.000205295,0.000205295,0.000205295
120,212.486,0.88943,0.48406,0.4472,0.66042,1.01629,0.99484,1,0.995,0.63342,0.91183,0.91667,0.91334,0.79043,1.2606,1.12115,0.18604,0.53813,0.9898,0.000202798,0.000202798,0.000202798
121,214.448,0.84421,0.35672,0.3656,0.54796,0.99063,0.99385,1,0.995,0.71539,0.91089,0.91667,0.86928,0.73377,1.07063,1.13518,0.17821,0.54247,0.93042,0.0002003,0.0002003,0.0002003
122,216.32,0.82508,0.62521,0.37878,0.58391,1.03865,0.99385,1,0.995,0.71539,0.91089,0.91667,0.86928,0.73377,1.07063,1.13518,0.17821,0.54247,0.93042,0.000197803,0.000197803,0.000197803
123,218.178,0.91846,0.38512,0.46573,0.59453,1.03141,0.99611,1,0.995,0.73714,0.9129,0.91667,0.86164,0.75123,1.08072,1.06731,0.18865,0.58488,0.91527,0.000195305,0.000195305,0.000195305
124,220.269,0.95397,0.44073,0.41393,0.6443,0.9699,0.99648,1,0.995,0.77267,0.91308,0.91667,0.8895,0.8203,0.97405,0.98029,0.18692,0.5132,0.8806,0.000192808,0.000192808,0.000192808
125,222.228,0.86017,0.44026,0.38659,0.48918,0.95179,0.99648,1,0.995,0.77267,0.91308,0.91667,0.8895,0.8203,0.97405,0.98029,0.18692,0.5132,0.8806,0.00019031,0.00019031,0.00019031
126,224.437,0.92497,0.44283,0.43241,0.64009,1.07029,0.99621,1,0.995,0.6781,0.91286,0.91667,0.91242,0.83791,1.28149,0.99047,0.17676,0.51488,0.97592,0.000187812,0.000187812,0.000187812
127,226.724,0.9204,0.41506,0.45371,0.55023,0.96869,0.9953,1,0.995,0.67092,0.91226,0.91667,0.91965,0.82229,1.19909,1.09157,0.17695,0.52266,0.95991,0.000185315,0.000185315,0.000185315
128,229.538,1.09091,0.51442,0.45025,0.6366,1.13164,0.9953,1,0.995,0.67092,0.91226,0.91667,0.91965,0.82229,1.19909,1.09157,0.17695,0.52266,0.95991,0.000182818,0.000182818,0.000182818
129,232.558,1.05226,0.54422,0.49392,0.67204,1.05272,0.9952,1,0.995,0.66065,0.91216,0.91667,0.91334,0.82918,1.31254,0.99763,0.18034,0.57504,0.98933,0.00018032,0.00018032,0.00018032
130,236.582,0.96744,0.45776,0.34192,0.60313,0.98651,0.9952,1,0.995,0.66065,0.91216,0.91667,0.91334,0.82918,1.31254,0.99763,0.18034,0.57504,0.98933,0.000177822,0.000177822,0.000177822
131,241.399,0.91736,0.58327,0.38965,0.69371,0.99873,0.99476,1,0.995,0.69186,0.91173,0.91667,0.89902,0.78604,1.13943,1.06856,0.16754,0.53955,0.93954,0.000175325,0.000175325,0.000175325
132,243.86,0.88582,0.29123,0.426,0.6147,1.00106,0.99582,1,0.995,0.71091,0.91263,0.91667,0.91215,0.77673,1.15586,1.163,0.15756,0.54957,0.9486,0.000172827,0.000172827,0.000172827
133,246.054,0.87004,0.35316,0.48484,0.56933,0.9921,0.99582,1,0.995,0.71091,0.91263,0.91667,0.91215,0.77673,1.15586,1.163,0.15756,0.54957,0.9486,0.00017033,0.00017033,0.00017033
134,248.193,0.82764,0.45244,0.35385,0.5399,0.94927,0.99562,1,0.995,0.69464,0.91244,0.91667,0.91242,0.76054,1.15251,1.1093,0.16456,0.52804,0.95194,0.000167833,0.000167833,0.000167833
135,250.2,0.79711,0.39173,0.47194,0.55641,0.95718,0.99466,1,0.995,0.71767,0.91166,0.91667,0.91302,0.87917,1.01394,1.01261,0.17151,0.48091,0.89869,0.000165335,0.000165335,0.000165335
136,252.275,0.84548,0.31961,0.39667,0.57125,0.97243,0.99466,1,0.995,0.71767,0.91166,0.91667,0.91302,0.87917,1.01394,1.01261,0.17151,0.48091,0.89869,0.000162837,0.000162837,0.000162837
137,254.423,0.87271,0.39164,0.4408,0.5552,1.01226,0.99491,1,0.995,0.73402,0.91178,0.91667,0.91481,0.81471,0.99485,1.11905,0.16253,0.45575,0.89475,0.00016034,0.00016034,0.00016034
138,256.868,0.93499,0.46233,0.40589,0.61191,0.97052,0.99491,1,0.995,0.73402,0.91178,0.91667,0.91481,0.81471,0.99485,1.11905,0.16253,0.45575,0.89475,0.000157842,0.000157842,0.000157842
139,258.794,0.95515,0.37335,0.39229,0.59716,1.021,0.9951,1,0.995,0.70145,0.91207,0.91667,0.91616,0.8517,1.14446,1.04013,0.17298,0.51439,0.93683,0.000155345,0.000155345,0.000155345
140,260.781,0.83761,0.36994,0.46885,0.53783,1.00192,0.99536,1,0.995,0.78214,0.91221,0.91667,0.90814,0.80588,1.02159,1.16351,0.16311,0.50423,0.90308,0.000152848,0.000152848,0.000152848
141,263.475,0.77439,0.47596,0.45935,0.5333,0.96113,0.99536,1,0.995,0.78214,0.91221,0.91667,0.90814,0.80588,1.02159,1.16351,0.16311,0.50423,0.90308,0.00015035,0.00015035,0.00015035
142,265.701,0.85414,0.58074,0.40564,0.51588,0.96955,0.9953,1,0.995,0.72945,0.91226,0.91667,0.90635,0.8284,1.10002,1.06313,0.16561,0.51438,0.9174,0.000147853,0.000147853,0.000147853
143,267.666,0.79248,0.5557,0.49994,0.53115,0.90989,0.99555,1,0.995,0.72917,0.91239,0.91667,0.92052,0.84497,1.0878,0.99091,0.17045,0.51205,0.92084,0.000145355,0.000145355,0.000145355
144,269.682,0.84694,0.32548,0.31927,0.52711,0.95535,0.99555,1,0.995,0.72917,0.91239,0.91667,0.92052,0.84497,1.0878,0.99091,0.17045,0.51205,0.92084,0.000142858,0.000142858,0.000142858
145,271.572,0.88522,0.3253,0.44894,0.57689,0.98771,0.9954,1,0.995,0.682,0.91235,0.91667,0.88265,0.85702,1.27807,0.94933,0.17139,0.55213,0.98509,0.00014036,0.00014036,0.00014036
146,273.481,0.85545,0.45359,0.52777,0.59001,1.00389,0.9954,1,0.995,0.682,0.91235,0.91667,0.88265,0.85702,1.27807,0.94933,0.17139,0.55213,0.98509,0.000137862,0.000137862,0.000137862
147,275.413,0.88395,0.36811,0.33998,0.55006,0.96297,0.99465,1,0.995,0.6455,0.91176,0.91667,0.89614,0.81869,1.26685,1.01439,0.16245,0.56561,0.97415,0.000135365,0.000135365,0.000135365
148,277.306,0.88937,0.49994,0.43227,0.60337,1.03513,0.99504,1,0.995,0.68626,0.91201,0.91667,0.90026,0.81543,1.20787,1.10054,0.14824,0.5566,0.95329,0.000132868,0.000132868,0.000132868
149,279.23,0.86592,0.318,0.47096,0.57689,1.01523,0.99504,1,0.995,0.68626,0.91201,0.91667,0.90026,0.81543,1.20787,1.10054,0.14824,0.5566,0.95329,0.00013037,0.00013037,0.00013037
150,281.134,0.76255,0.28136,0.42865,0.48701,0.98004,0.99484,1,0.995,0.72051,0.91184,0.91667,0.9098,0.85161,1.11209,1.0011,0.14413,0.51911,0.94167,0.000127872,0.000127872,0.000127872
151,283.092,0.95247,0.30021,0.4582,0.59781,1.00905,0.99512,1,0.995,0.68729,0.9121,0.91667,0.9085,0.8709,1.2263,0.99697,0.15244,0.5837,0.97984,0.000125375,0.000125375,0.000125375
152,284.938,1.03875,0.51959,0.49819,0.67013,1.05991,0.99512,1,0.995,0.68729,0.9121,0.91667,0.9085,0.8709,1.2263,0.99697,0.15244,0.5837,0.97984,0.000122878,0.000122878,0.000122878
153,286.662,0.76397,0.35103,0.33147,0.48374,0.91943,0.99469,1,0.995,0.69124,0.9118,0.91667,0.91116,0.87114,1.18346,0.97645,0.15942,0.53844,0.96554,0.00012038,0.00012038,0.00012038
154,288.53,0.85446,0.28158,0.58701,0.60342,1.01531,0.99469,1,0.995,0.69124,0.9118,0.91667,0.91116,0.87114,1.18346,0.97645,0.15942,0.53844,0.96554,0.000117882,0.000117882,0.000117882
155,290.285,0.80717,0.29568,0.53397,0.54594,0.98832,0.99479,1,0.995,0.67997,0.91179,0.91667,0.90947,0.83119,1.1179,0.9753,0.14938,0.53591,0.94217,0.000115385,0.000115385,0.000115385
156,292.051,0.84436,0.22297,0.4357,0.51678,1.01148,0.99481,1,0.995,0.68051,0.9118,0.91667,0.90997,0.86702,1.17271,0.94888,0.15415,0.56364,0.95559,0.000112887,0.000112887,0.000112887
157,293.798,0.89699,0.33677,0.41417,0.5211,0.94676,0.99481,1,0.995,0.68051,0.9118,0.91667,0.90997,0.86702,1.17271,0.94888,0.15415,0.56364,0.95559,0.00011039,0.00011039,0.00011039
158,295.591,0.91355,0.40161,0.43281,0.66093,1.03305,0.99473,1,0.995,0.66608,0.91172,0.91667,0.90386,0.84787,1.17668,0.95356,0.15073,0.52972,0.95731,0.000107892,0.000107892,0.000107892
159,297.45,0.8229,0.24005,0.49328,0.47717,0.92121,0.99533,1,0.995,0.65677,0.91216,0.91667,0.90473,0.84898,1.23989,0.94486,0.15107,0.53409,0.97955,0.000105395,0.000105395,0.000105395
160,299.256,1.04065,0.4482,0.47446,0.62662,1.05558,0.99533,1,0.995,0.65677,0.91216,0.91667,0.90473,0.84898,1.23989,0.94486,0.15107,0.53409,0.97955,0.000102897,0.000102897,0.000102897
161,301.006,0.76481,0.31057,0.37666,0.50324,0.92638,0.99505,1,0.995,0.67542,0.91202,0.91667,0.9005,0.84502,1.11503,0.9272,0.14502,0.50781,0.93746,0.0001004,0.0001004,0.0001004
162,302.988,0.81488,0.34113,0.43837,0.56481,0.98247,0.99505,1,0.995,0.67542,0.91202,0.91667,0.9005,0.84502,1.11503,0.9272,0.14502,0.50781,0.93746,9.79025e-05,9.79025e-05,9.79025e-05
163,304.872,0.7967,0.43885,0.31726,0.46223,0.97265,0.99533,1,0.995,0.69403,0.91228,0.91667,0.90367,0.87237,1.12364,0.92858,0.14896,0.51594,0.93645,9.5405e-05,9.5405e-05,9.5405e-05
164,306.618,0.84129,0.27679,0.43511,0.52431,1.00018,0.99505,1,0.995,0.68839,0.91203,0.91667,0.90605,0.85025,1.13235,0.94315,0.14866,0.50844,0.94423,9.29075e-05,9.29075e-05,9.29075e-05
165,308.486,0.80368,0.19978,0.35355,0.50056,0.93764,0.99505,1,0.995,0.68839,0.91203,0.91667,0.90605,0.85025,1.13235,0.94315,0.14866,0.50844,0.94423,9.041e-05,9.041e-05,9.041e-05
166,310.476,0.84729,0.2709,0.40388,0.49771,0.98435,0.99532,1,0.995,0.67343,0.91216,0.91667,0.91094,0.87179,1.14807,0.92873,0.14896,0.51506,0.94062,8.79125e-05,8.79125e-05,8.79125e-05
167,312.565,0.77308,0.44909,0.37673,0.47706,0.89308,0.99518,1,0.995,0.67241,0.91204,0.91667,0.90548,0.87129,1.18698,0.90978,0.14958,0.5117,0.95497,8.5415e-05,8.5415e-05,8.5415e-05
168,318.186,0.78572,0.41542,0.39973,0.53208,0.93511,0.99518,1,0.995,0.67241,0.91204,0.91667,0.90548,0.87129,1.18698,0.90978,0.14958,0.5117,0.95497,8.29175e-05,8.29175e-05,8.29175e-05
169,322.183,0.89085,0.23455,0.53144,0.60812,1.0716,0.99508,1,0.995,0.69429,0.91205,0.91667,0.91053,0.87603,1.1161,0.91352,0.13957,0.47407,0.94132,8.042e-05,8.042e-05,8.042e-05
170,324.63,0.87519,0.29711,0.44306,0.53898,0.99743,0.99508,1,0.995,0.69429,0.91205,0.91667,0.91053,0.87603,1.1161,0.91352,0.13957,0.47407,0.94132,7.79225e-05,7.79225e-05,7.79225e-05
171,327.427,0.77216,0.27417,0.40541,0.51379,0.9577,0.99534,1,0.995,0.69311,0.91229,0.91667,0.91334,0.89074,1.16094,0.8995,0.1423,0.47934,0.95366,7.5425e-05,7.5425e-05,7.5425e-05
172,331.621,0.8051,0.24116,0.38108,0.49255,0.92665,0.995,1,0.995,0.71353,0.91198,0.91667,0.91271,0.88435,1.04748,0.89351,0.14361,0.46145,0.91615,7.29275e-05,7.29275e-05,7.29275e-05
173,334.603,0.79386,0.25236,0.40053,0.58023,1.00396,0.995,1,0.995,0.71353,0.91198,0.91667,0.91271,0.88435,1.04748,0.89351,0.14361,0.46145,0.91615,7.043e-05,7.043e-05,7.043e-05
174,336.96,0.84904,0.32379,0.41653,0.56749,0.99567,0.99459,1,0.995,0.68609,0.9116,0.91667,0.91271,0.89181,1.08265,0.87996,0.14156,0.46541,0.92626,6.79325e-05,6.79325e-05,6.79325e-05
175,339.529,0.81471,0.29275,0.35891,0.48396,0.93311,0.99457,1,0.995,0.72556,0.91158,0.91667,0.91215,0.89494,1.0522,0.89024,0.13947,0.45198,0.92002,6.5435e-05,6.5435e-05,6.5435e-05
176,341.957,0.82759,0.27392,0.36046,0.50613,1.00154,0.99457,1,0.995,0.72556,0.91158,0.91667,0.91215,0.89494,1.0522,0.89024,0.13947,0.45198,0.92002,6.29375e-05,6.29375e-05,6.29375e-05
177,344.384,0.86605,0.41428,0.41935,0.5263,1.05282,0.99453,1,0.995,0.73303,0.91155,0.91667,0.91188,0.89464,1.09567,0.8766,0.14225,0.45675,0.92857,6.044e-05,6.044e-05,6.044e-05
178,346.583,0.72032,0.34218,0.40982,0.46201,0.92409,0.99453,1,0.995,0.73303,0.91155,0.91667,0.91188,0.89464,1.09567,0.8766,0.14225,0.45675,0.92857,5.79425e-05,5.79425e-05,5.79425e-05
179,349.183,0.83606,0.34522,0.46598,0.59642,0.95583,0.99447,1,0.995,0.74894,0.91159,0.91667,0.91271,0.89558,1.01407,0.88999,0.14087,0.43339,0.90808,5.5445e-05,5.5445e-05,5.5445e-05
180,351.874,0.78653,0.21326,0.46729,0.51921,0.92328,0.99435,1,0.995,0.71575,0.91149,0.91667,0.91188,0.88417,1.02927,0.88387,0.14292,0.44013,0.91084,5.29475e-05,5.29475e-05,5.29475e-05
181,354.724,0.86975,0.2678,0.39506,0.53797,1.01835,0.99435,1,0.995,0.71575,0.91149,0.91667,0.91188,0.88417,1.02927,0.88387,0.14292,0.44013,0.91084,5.045e-05,5.045e-05,5.045e-05
182,357.395,0.83644,0.25138,0.36549,0.48513,0.93654,0.99428,1,0.995,0.68854,0.91142,0.91667,0.91094,0.88415,1.08145,0.88464,0.14112,0.46461,0.92512,4.79525e-05,4.79525e-05,4.79525e-05
183,359.953,0.77394,0.30359,0.48461,0.50043,0.95172,0.99422,1,0.995,0.69063,0.91137,0.91667,0.91116,0.88568,1.05492,0.85446,0.14221,0.45898,0.91513,4.5455e-05,4.5455e-05,4.5455e-05
184,362.409,0.77125,0.34136,0.39067,0.50228,0.93077,0.99422,1,0.995,0.69063,0.91137,0.91667,0.91116,0.88568,1.05492,0.85446,0.14221,0.45898,0.91513,4.29575e-05,4.29575e-05,4.29575e-05
185,364.504,0.66302,0.15102,0.32807,0.38333,0.88044,0.99408,1,0.995,0.70965,0.91124,0.91667,0.91073,0.88517,1.04827,0.85643,0.14044,0.45457,0.91254,4.046e-05,4.046e-05,4.046e-05
186,366.841,0.83604,0.22258,0.46823,0.50569,0.94711,0.99408,1,0.995,0.70965,0.91124,0.91667,0.91073,0.88517,1.04827,0.85643,0.14044,0.45457,0.91254,3.79625e-05,3.79625e-05,3.79625e-05
187,368.94,0.80539,0.40735,0.38604,0.46973,0.9323,0.9943,1,0.995,0.71969,0.91133,0.91667,0.91053,0.90181,1.05601,0.86362,0.13926,0.45974,0.91372,3.5465e-05,3.5465e-05,3.5465e-05
188,370.976,0.90175,0.30182,0.41284,0.51469,1.00647,0.99441,1,0.995,0.71272,0.91143,0.91667,0.91094,0.90225,1.05783,0.86858,0.13987,0.45406,0.91356,3.29675e-05,3.29675e-05,3.29675e-05
189,373.09,0.85783,0.22756,0.51655,0.53207,0.97823,0.99441,1,0.995,0.71272,0.91143,0.91667,0.91094,0.90225,1.05783,0.86858,0.13987,0.45406,0.91356,3.047e-05,3.047e-05,3.047e-05
190,375.356,0.79372,0.34673,0.39984,0.45289,0.93098,0.99426,1,0.995,0.71215,0.91141,0.91667,0.91116,0.90249,1.08591,0.87317,0.13898,0.45974,0.92034,2.79725e-05,2.79725e-05,2.79725e-05
191,467.475,0.71902,0.15818,0.20786,0.39861,0.93426,0.99435,1,0.995,0.71275,0.91149,0.91667,0.91073,0.90203,1.08945,0.86471,0.13751,0.45262,0.9178,2.5475e-05,2.5475e-05,2.5475e-05
192,469.174,0.62432,0.17621,0.18209,0.37994,0.911,0.99435,1,0.995,0.71275,0.91149,0.91667,0.91073,0.90203,1.08945,0.86471,0.13751,0.45262,0.9178,2.29775e-05,2.29775e-05,2.29775e-05
193,470.968,0.81127,0.19994,0.21704,0.41163,0.91174,0.99458,1,0.995,0.71315,0.9117,0.91667,0.91015,0.9014,1.09072,0.86076,0.13693,0.45431,0.92083,2.048e-05,2.048e-05,2.048e-05
194,472.601,0.53189,0.1728,0.22375,0.34635,0.84534,0.99458,1,0.995,0.71315,0.9117,0.91667,0.91015,0.9014,1.09072,0.86076,0.13693,0.45431,0.92083,1.79825e-05,1.79825e-05,1.79825e-05
195,474.254,0.67311,0.13886,0.22179,0.38082,0.89244,0.99466,1,0.995,0.70892,0.91177,0.91667,0.90889,0.90005,1.08712,0.86923,0.13581,0.45076,0.92022,1.5485e-05,1.5485e-05,1.5485e-05
196,475.862,0.75444,0.1467,0.16903,0.41503,0.89106,0.9947,1,0.995,0.69701,0.91171,0.91667,0.90782,0.89891,1.08376,0.86947,0.13562,0.45758,0.92053,1.29875e-05,1.29875e-05,1.29875e-05
197,477.238,0.64225,0.12564,0.16883,0.37818,0.85053,0.9947,1,0.995,0.69701,0.91171,0.91667,0.90782,0.89891,1.08376,0.86947,0.13562,0.45758,0.92053,1.049e-05,1.049e-05,1.049e-05
198,478.7,0.6702,0.15001,0.22324,0.37006,0.85943,0.99457,1,0.995,0.70186,0.91169,0.91667,0.90793,0.89902,1.08028,0.86849,0.13568,0.45915,0.91977,7.9925e-06,7.9925e-06,7.9925e-06
199,480.125,0.75208,0.19798,0.17995,0.40516,0.87414,0.99463,1,0.995,0.70111,0.91175,0.91667,0.90734,0.89839,1.08466,0.86769,0.13542,0.4586,0.92083,5.495e-06,5.495e-06,5.495e-06
200,481.564,0.69418,0.16108,0.17729,0.38,0.88756,0.99463,1,0.995,0.70111,0.91175,0.91667,0.90734,0.89839,1.08466,0.86769,0.13542,0.4586,0.92083,2.9975e-06,2.9975e-06,2.9975e-06
